[
  {
    "Id": 1,
    "CreationDate": "2023-11-16",
    "Name": "Computer1",
    "Description": "First desc",
    "Specifics": "Main specs: i7 12th gen, 16gb RAM, nvidia GeForce RTX 2060ti",
    "Status": "available",
    "Booking": [
      [
        "NOT BOOKABLE",
        "9-10",
        "10-11",
        "11-12",
        "12-13",
        "13-14",
        "14-15",
        "15-16",
        "16-17",
        "17-18"
      ],
      [
        "Monday",
        "available",
        "available",
        "available",
        "available",
        "available",
        "available",
        "available",
        "available",
        "available"
      ],
      [
        "Tuesday",
        "available",
        "available",
        "available",
        "available",
        "available",
        "available",
        "available",
        "available",
        "available"
      ],
      [
        "Wednesday",
        "available",
        "available",
        "available",
        "available",
        "available",
        "available",
        "available",
        "available",
        "available"
      ],
      [
        "Thursday",
        "available",
        "available",
        "available",
        "available",
        "available",
        "available",
        "available",
        "available",
        "available"
      ],
      [
        "Friday",
        "available",
        "available",
        "available",
        "available",
        "available",
        "available",
        "available",
        "available",
        "available"
      ]
    ]
  },
  {
    "Id": 2,
    "CreationDate": "2023-11-16",
    "Name": "Computer2",
    "Description": "Second desc",
    "Specifics": "Main specs: i5 9th gen, 8gb RAM, nvidia GeForce RTX 1070ti",
    "Status": "available",
    "Booking": [
      [
        "NOT BOOKABLE",
        "9-10",
        "10-11",
        "11-12",
        "12-13",
        "13-14",
        "14-15",
        "15-16",
        "16-17",
        "17-18"
      ],
      [
        "Monday",
        "available",
        "available",
        "available",
        "available",
        "available",
        "available",
        "available",
        "available",
        "available"
      ],
      [
        "Tuesday",
        "available",
        "available",
        "available",
        "available",
        "available",
        "available",
        "available",
        "available",
        "available"
      ],
      [
        "Wednesday",
        "available",
        "available",
        "available",
        "available",
        "available",
        "available",
        "available",
        "available",
        "available"
      ],
      [
        "Thursday",
        "available",
        "available",
        "available",
        "available",
        "available",
        "available",
        "available",
        "available",
        "available"
      ],
      [
        "Friday",
        "available",
        "available",
        "available",
        "available",
        "available",
        "available",
        "available",
        "available",
        "available"
      ]
    ]
  }
]
