[
  {
    "Computers": [
      {
        "Id": 8,
        "Name": null,
        "Description": null,
        "Specifics": null,
        "Status": "available",
        "BookingToString": "[\r\n  [\r\n    \"NOT BOOKABLE\",\r\n    \"9-10\",\r\n    \"10-11\",\r\n    \"11-12\",\r\n    \"12-13\",\r\n    \"13-14\",\r\n    \"14-15\",\r\n    \"15-16\",\r\n    \"16-17\",\r\n    \"17-18\"\r\n  ],\r\n  [\r\n    \"Monday\",\r\n    null,\r\n    null,\r\n    null,\r\n    null,\r\n    null,\r\n    null,\r\n    null,\r\n    null,\r\n    null\r\n  ],\r\n  [\r\n    \"Tuesday\",\r\n    null,\r\n    null,\r\n    null,\r\n    null,\r\n    null,\r\n    null,\r\n    null,\r\n    null,\r\n    null\r\n  ],\r\n  [\r\n    \"Wednesday\",\r\n    null,\r\n    null,\r\n    null,\r\n    null,\r\n    null,\r\n    null,\r\n    null,\r\n    null,\r\n    null\r\n  ],\r\n  [\r\n    \"Thursday\",\r\n    null,\r\n    null,\r\n    null,\r\n    null,\r\n    null,\r\n    null,\r\n    null,\r\n    null,\r\n    null\r\n  ],\r\n  [\r\n    \"Friday\",\r\n    null,\r\n    null,\r\n    null,\r\n    null,\r\n    null,\r\n    null,\r\n    null,\r\n    null,\r\n    null\r\n  ]\r\n]",
        "Booking": [
          [
            "NOT BOOKABLE",
            "9-10",
            "10-11",
            "11-12",
            "12-13",
            "13-14",
            "14-15",
            "15-16",
            "16-17",
            "17-18"
          ],
          [
            "Monday",
            null,
            null,
            null,
            null,
            null,
            null,
            null,
            null,
            null
          ],
          [
            "Tuesday",
            null,
            null,
            null,
            null,
            null,
            null,
            null,
            null,
            null
          ],
          [
            "Wednesday",
            null,
            null,
            null,
            null,
            null,
            null,
            null,
            null,
            null
          ],
          [
            "Thursday",
            null,
            null,
            null,
            null,
            null,
            null,
            null,
            null,
            null
          ],
          [
            "Friday",
            null,
            null,
            null,
            null,
            null,
            null,
            null,
            null,
            null
          ]
        ]
      },
      {
        "Id": 9,
        "Name": null,
        "Description": null,
        "Specifics": null,
        "Status": "available",
        "BookingToString": "[\r\n  [\r\n    \"NOT BOOKABLE\",\r\n    \"9-10\",\r\n    \"10-11\",\r\n    \"11-12\",\r\n    \"12-13\",\r\n    \"13-14\",\r\n    \"14-15\",\r\n    \"15-16\",\r\n    \"16-17\",\r\n    \"17-18\"\r\n  ],\r\n  [\r\n    \"Monday\",\r\n    null,\r\n    null,\r\n    null,\r\n    null,\r\n    null,\r\n    null,\r\n    null,\r\n    null,\r\n    null\r\n  ],\r\n  [\r\n    \"Tuesday\",\r\n    null,\r\n    null,\r\n    null,\r\n    null,\r\n    null,\r\n    null,\r\n    null,\r\n    null,\r\n    null\r\n  ],\r\n  [\r\n    \"Wednesday\",\r\n    null,\r\n    null,\r\n    null,\r\n    null,\r\n    null,\r\n    null,\r\n    null,\r\n    null,\r\n    null\r\n  ],\r\n  [\r\n    \"Thursday\",\r\n    null,\r\n    null,\r\n    null,\r\n    null,\r\n    null,\r\n    null,\r\n    null,\r\n    null,\r\n    null\r\n  ],\r\n  [\r\n    \"Friday\",\r\n    null,\r\n    null,\r\n    null,\r\n    null,\r\n    null,\r\n    null,\r\n    null,\r\n    null,\r\n    null\r\n  ]\r\n]",
        "Booking": [
          [
            "NOT BOOKABLE",
            "9-10",
            "10-11",
            "11-12",
            "12-13",
            "13-14",
            "14-15",
            "15-16",
            "16-17",
            "17-18"
          ],
          [
            "Monday",
            null,
            null,
            null,
            null,
            null,
            null,
            null,
            null,
            null
          ],
          [
            "Tuesday",
            null,
            null,
            null,
            null,
            null,
            null,
            null,
            null,
            null
          ],
          [
            "Wednesday",
            null,
            null,
            null,
            null,
            null,
            null,
            null,
            null,
            null
          ],
          [
            "Thursday",
            null,
            null,
            null,
            null,
            null,
            null,
            null,
            null,
            null
          ],
          [
            "Friday",
            null,
            null,
            null,
            null,
            null,
            null,
            null,
            null,
            null
          ]
        ]
      }
    ],
    "Id": 1
  }
]