[
  {
    "Id": 23,
    "LabId": 1,
    "CreationDate": "2023-11-17",
    "Name": "Computer1",
    "Description": "First desc",
    "Specifics": "Main specs: i7 12th gen, 16gb RAM, nvidia GeForce RTX 2060ti",
    "Status": "available",
    "Calendar": {
      "Monday": {
        "09-10": "available",
        "10-11": "available",
        "11-12": "available",
        "12-13": "available",
        "13-14": "available",
        "14-15": "available",
        "15-16": "available",
        "16-17": "available",
        "17-18": "available"
      },
      "Tuesday": {
        "09-10": "available",
        "10-11": "available",
        "11-12": "available",
        "12-13": "available",
        "13-14": "available",
        "14-15": "available",
        "15-16": "available",
        "16-17": "available",
        "17-18": "available"
      },
      "Wednesday": {
        "09-10": "available",
        "10-11": "available",
        "11-12": "available",
        "12-13": "available",
        "13-14": "available",
        "14-15": "available",
        "15-16": "available",
        "16-17": "available",
        "17-18": "available"
      },
      "Thursday": {
        "09-10": "available",
        "10-11": "available",
        "11-12": "available",
        "12-13": "available",
        "13-14": "available",
        "14-15": "available",
        "15-16": "available",
        "16-17": "available",
        "17-18": "available"
      },
      "Friday": {
        "09-10": "available",
        "10-11": "available",
        "11-12": "available",
        "12-13": "available",
        "13-14": "available",
        "14-15": "available",
        "15-16": "available",
        "16-17": "available",
        "17-18": "available"
      }
    }
  },
  {
    "Id": 24,
    "LabId": 1,
    "CreationDate": "2023-11-17",
    "Name": "Computer2",
    "Description": "Second desc",
    "Specifics": "Main specs: i5 9th gen, 8gb RAM, nvidia GeForce RTX 1070ti",
    "Status": "available",
    "Calendar": {
      "Monday": {
        "09-10": "available",
        "10-11": "available",
        "11-12": "available",
        "12-13": "available",
        "13-14": "available",
        "14-15": "available",
        "15-16": "available",
        "16-17": "available",
        "17-18": "available"
      },
      "Tuesday": {
        "09-10": "available",
        "10-11": "available",
        "11-12": "available",
        "12-13": "available",
        "13-14": "available",
        "14-15": "available",
        "15-16": "available",
        "16-17": "available",
        "17-18": "available"
      },
      "Wednesday": {
        "09-10": "available",
        "10-11": "available",
        "11-12": "available",
        "12-13": "available",
        "13-14": "available",
        "14-15": "available",
        "15-16": "available",
        "16-17": "available",
        "17-18": "available"
      },
      "Thursday": {
        "09-10": "available",
        "10-11": "available",
        "11-12": "available",
        "12-13": "available",
        "13-14": "available",
        "14-15": "available",
        "15-16": "available",
        "16-17": "available",
        "17-18": "available"
      },
      "Friday": {
        "09-10": "available",
        "10-11": "available",
        "11-12": "available",
        "12-13": "available",
        "13-14": "available",
        "14-15": "available",
        "15-16": "available",
        "16-17": "available",
        "17-18": "available"
      }
    }
  }
]