[
  {
    "CreationDate": "2023-11-13",
    "Role": "labAdmin",
    "Name": "Michele",
    "Surname": "Malgeri",
    "Email": "michele.malgeri@unict.it",
    "Password": "1bb339814be9d101033a1a326d418f2fab34e99a4afa9a4d09feab96bae547ac"
  },
  {
    "CreationDate": "2023-11-14",
    "Role": "userAdmin",
    "Name": "Vincenza",
    "Surname": "Carchiolo",
    "Email": "vincenza.carchiolo@unict.it",
    "Password": "9f13e922ceb7793e0957467d13325e345ff23a0994ee2ae2fd6924bbc3d37c7d"
  },
  {
    "CreationDate": "2023-11-12",
    "Role": "teacher",
    "Name": "Marco",
    "Surname": "Grassia",
    "Email": "marco.grassia@unict.it",
    "Password": "ae3e797773dd7f186a5c9103f3b68b3cff16c4c48e05fee22f06a7f86d6b3c15"
  }
]
